Date,Open,High,Low,Close,Volume,Dividends,Stock Splits
2023-01-03 00:00:00-05:00,128.78264911213327,129.39551842727084,122.74287269172645,123.63253021240234,112117500,0.0,0.0
2023-01-04 00:00:00-05:00,125.43161455867813,127.18127564102066,123.64241984503863,124.90770721435547,89113600,0.0,0.0
2023-01-05 00:00:00-05:00,125.66884902202133,126.30149268134268,123.32609306355886,123.58309936523438,80962700,0.0,0.0
2023-01-06 00:00:00-05:00,124.5617315121944,128.79253144434853,123.45460129199294,128.13023376464844,87754700,0.0,0.0
2023-01-09 00:00:00-05:00,128.97044308668717,131.87665458355607,128.39710751190108,128.65411376953125,70790800,0.0,0.0
2023-01-10 00:00:00-05:00,128.7628938707127,129.75140069783342,126.64748986401109,129.2274932861328,63896200,0.0,0.0
2023-01-11 00:00:00-05:00,129.74150433319187,131.9755240444425,128.9605906771462,131.9557647705078,69458900,0.0,0.0
2023-01-12 00:00:00-05:00,132.3413084334684,132.71693079827503,129.92934918713277,131.876708984375,71379600,0.0,0.0
2023-01-13 00:00:00-05:00,130.51253218381837,133.36931580754018,130.14678954891528,133.21115112304688,57809700,0.0,0.0
2023-01-17 00:00:00-05:00,133.2803661632613,135.7120843078782,132.58841445883436,134.3776092529297,63646600,0.0,0.0
2023-01-18 00:00:00-05:00,135.2475023487297,137.016922815115,133.47806679892827,133.656005859375,69672800,0.0,0.0
2023-01-19 00:00:00-05:00,132.5389610381249,134.6840184578663,132.23252641864943,133.7152862548828,58280400,0.0,0.0
2023-01-20 00:00:00-05:00,133.72518688361293,136.43370070636414,132.67737218152695,136.28541564941406,80223600,0.0,0.0
2023-01-23 00:00:00-05:00,136.5325639862707,141.6728117743155,136.31509126831105,139.4882049560547,81760300,0.0,0.0
2023-01-24 00:00:00-05:00,138.69734480445425,141.51459436693844,138.68746516946817,140.89183044433594,66435100,0.0,0.0
2023-01-25 00:00:00-05:00,139.27070057060922,140.79299416676852,137.21460493959157,140.22955322265625,65799300,0.0,0.0
2023-01-26 00:00:00-05:00,141.52447606882814,142.59206491599028,140.26906857030244,142.30540466308594,54105100,0.0,0.0
2023-01-27 00:00:00-05:00,141.51462437013356,145.53783884062292,141.43554202324185,144.25277709960938,70555800,0.0,0.0
2023-01-30 00:00:00-05:00,143.2939558417953,143.87717124792727,141.20820583984698,141.35647583007812,64015300,0.0,0.0
2023-01-31 00:00:00-05:00,141.05988522159177,142.68103540109175,140.64471427014323,142.63160705566406,65874500,0.0,0.0
2023-02-01 00:00:00-05:00,142.3152880410748,144.92494470830036,139.69575173845908,143.7584991455078,77663600,0.0,0.0
2023-02-02 00:00:00-05:00,147.18863235095503,149.44242627870938,146.46702672863907,149.08657836914062,118339000,0.0,0.0
2023-02-03 00:00:00-05:00,146.32863460622823,155.571177590554,146.13093629775682,152.72427368164062,154357300,0.0,0.0
2023-02-06 00:00:00-05:00,150.8164562342184,151.34036351523568,149.0470210083263,149.98609924316406,69858300,0.0,0.0
2023-02-07 00:00:00-05:00,148.90863720361276,153.44587898676582,148.90863720361276,152.87254333496094,83322600,0.0,0.0
2023-02-08 00:00:00-05:00,152.11141469080906,152.80336635897712,149.43255491704016,150.17393493652344,64120100,0.0,0.0
2023-02-09 00:00:00-05:00,152.0125597152097,152.55624141902396,148.6911765868534,149.13600158691406,56007100,0.0,0.0
2023-02-10 00:00:00-05:00,147.96777632833437,149.82899586326752,147.73016708482578,149.50228881835938,57450700,0.23,0.0
2023-02-13 00:00:00-05:00,149.44290943263957,152.71985991539307,149.41321016170093,152.31396484375,62199000,0.0,0.0
2023-02-14 00:00:00-05:00,150.60123678518164,152.23477233256068,149.3538219997299,151.6704559326172,61707600,0.0,0.0
2023-02-15 00:00:00-05:00,151.58132321108715,153.9474604229768,151.35362380168024,153.77915954589844,65573800,0.0,0.0
2023-02-16 00:00:00-05:00,151.97733873436857,154.76919088525318,151.8189476677602,152.17535400390625,68167900,0.0,0.0
2023-02-17 00:00:00-05:00,150.8289163610091,151.4724206020355,149.3438926296166,151.02691650390625,59144100,0.0,0.0
2023-02-21 00:00:00-05:00,148.70038717333577,149.7894107206676,146.92826533516197,146.99755859375,58867200,0.0,0.0
2023-02-22 00:00:00-05:00,147.383654456277,148.45287338487984,145.6907358158214,147.4232635498047,51011300,0.0,0.0
2023-02-23 00:00:00-05:00,148.591484366889,148.83898834448985,145.7699480861059,147.9083709716797,48394200,0.0,0.0
2023-02-24 00:00:00-05:00,145.64125487541327,145.72045796846467,144.26513323484133,145.24525451660156,55469600,0.0,0.0
2023-02-27 00:00:00-05:00,146.23526611588312,147.6806809778149,145.97785229460726,146.4431610107422,44998500,0.0,0.0
2023-02-28 00:00:00-05:00,145.58184135182967,147.59157242356576,145.36403664496177,145.93824768066406,50547000,0.0,0.0
2023-03-01 00:00:00-05:00,145.36403554214274,145.76003585720164,143.5621993638043,143.8592071533203,55479000,0.0,0.0
2023-03-02 00:00:00-05:00,142.93850860687647,145.24524759786468,142.46329007120497,144.45323181152344,52238100,0.0,0.0
2023-03-03 00:00:00-05:00,146.56195681168307,149.6013130753249,145.85905393614254,149.52210998535156,70732300,0.0,0.0
2023-03-06 00:00:00-05:00,152.2545345821982,154.7394840935164,151.92784263752011,152.2941436767578,87558000,0.0,0.0
2023-03-07 00:00:00-05:00,152.16546570634722,152.49217281957698,149.62113228238874,150.08644104003906,56182000,0.0,0.0
2023-03-08 00:00:00-05:00,151.28433620073233,151.93775035888638,150.31412479121082,151.34373474121094,47204800,0.0,0.0
2023-03-09 00:00:00-05:00,152.02683517023416,152.99704649679572,148.73008049756518,149.08648681640625,53833600,0.0,0.0
2023-03-10 00:00:00-05:00,148.7102983763868,149.43300577006005,146.13625093512175,147.01736450195312,68572400,0.0,0.0
2023-03-13 00:00:00-04:00,146.33426615185107,151.61105337476013,146.2253637849075,148.96771240234375,84457100,0.0,0.0
2023-03-14 00:00:00-04:00,149.76962498664284,151.86845415267095,148.60141331315802,151.06654357910156,73695900,0.0,0.0
2023-03-15 00:00:00-04:00,149.6805381701613,151.71996894085018,148.4232134799654,151.4625701904297,77167900,0.0,0.0
2023-03-16 00:00:00-04:00,150.64082983435895,154.89790141964556,150.1260173130943,154.2939910888672,76161100,0.0,0.0
2023-03-17 00:00:00-04:00,154.52170325241562,155.17511745555205,152.7396713831552,153.45248413085938,98944600,0.0,0.0
2023-03-20 00:00:00-04:00,153.5217825705538,156.24432646768744,152.6109545912959,155.82850646972656,73641400,0.0,0.0
2023-03-21 00:00:00-04:00,155.7493201936468,157.80854012474336,154.97709383642948,157.6897430419922,73938300,0.0,0.0
2023-03-22 00:00:00-04:00,157.70955140928402,160.5211932163919,156.23442213481738,156.2542266845703,75701800,0.0,0.0
2023-03-23 00:00:00-04:00,157.24420816944678,159.9370522998922,156.10568095844206,157.34320068359375,67622100,0.0,0.0
2023-03-24 00:00:00-04:00,157.27393337455686,158.73915274100096,156.27402271003157,158.65005493164062,59196500,0.0,0.0
2023-03-27 00:00:00-04:00,158.34313696257095,159.16485192823146,156.2937969084943,156.69970703125,52390300,0.0,0.0
2023-03-28 00:00:00-04:00,156.3928163743877,156.9076288835252,154.42267925169685,156.0760040283203,45992200,0.0,0.0
2023-03-29 00:00:00-04:00,157.778824672489,159.44205919265104,157.75903523168998,159.16485595703125,51305700,0.0,0.0
2023-03-30 00:00:00-04:00,159.9172681392784,160.8478855082498,159.65986944195512,160.73898315429688,49501700,0.0,0.0
2023-03-31 00:00:00-04:00,160.8182007028279,163.35263923391068,160.29349343380431,163.25363159179688,68749800,0.0,0.0
2023-04-03 00:00:00-04:00,162.62993146566447,164.62975289569243,162.58042764470542,164.51095581054688,56976200,0.0,0.0
2023-04-04 00:00:00-04:00,164.93665022196166,165.1742443629799,163.461521135219,163.97633361816406,46278300,0.0,0.0
2023-04-05 00:00:00-04:00,163.09524181864398,163.40214436262949,160.18459235196994,162.12501525878906,51511700,0.0,0.0
2023-04-06 00:00:00-04:00,160.80829044689202,163.3130448064106,160.38259082111486,163.0160369873047,45390100,0.0,0.0
2023-04-10 00:00:00-04:00,159.80836691031573,160.4122772216797,158.48174921205518,160.4122772216797,47716900,0.0,0.0
2023-04-11 00:00:00-04:00,160.72910794044708,160.73900266239136,158.90746697083827,159.194580078125,47644200,0.0,0.0
2023-04-12 00:00:00-04:00,159.61036940374873,160.441979159197,158.18474404786926,158.50155639648438,50133100,0.0,0.0
2023-04-13 00:00:00-04:00,160.01628790137767,164.14465273087802,159.80837789845614,163.90704345703125,68445600,0.0,0.0
2023-04-14 00:00:00-04:00,162.94672669437054,164.65946521821587,162.18442526560762,163.560546875,49386500,0.0,0.0
2023-04-17 00:00:00-04:00,163.4417206444433,163.73872843453088,162.39230621171848,163.580322265625,41516200,0.0,0.0
2023-04-18 00:00:00-04:00,164.4416518212544,165.73857027099072,163.99613256812546,164.80795288085938,49923000,0.0,0.0
2023-04-19 00:00:00-04:00,164.14465925023921,166.48109766330478,163.8872454167369,165.95639038085938,47720200,0.0,0.0
2023-04-20 00:00:00-04:00,164.43173852810273,166.19396563576217,163.90703130539762,164.98614501953125,52456400,0.0,0.0
2023-04-21 00:00:00-04:00,163.40213579346278,164.78815208279067,162.8477292777316,163.3724365234375,58337300,0.0,0.0
2023-04-24 00:00:00-04:00,163.35262947612597,163.94664508043508,162.25371118266517,163.67933654785156,41949600,0.0,0.0
2023-04-25 00:00:00-04:00,163.5407390651718,164.64955210777222,162.09530911482935,162.13491821289062,48714100,0.0,0.0
2023-04-26 00:00:00-04:00,161.43200707778223,163.62984381357916,161.1746083552498,162.12501525878906,45498800,0.0,0.0
2023-04-27 00:00:00-04:00,163.54073931024718,166.87708827078586,163.54073931024718,166.7285919189453,64902300,0.0,0.0
2023-04-28 00:00:00-04:00,166.80779457565893,168.15421688581486,166.2038842356674,167.98590087890625,55209200,0.0,0.0
2023-05-01 00:00:00-04:00,167.5899022757501,168.74821914844807,166.95629265889536,167.8968048095703,52472900,0.0,0.0
2023-05-02 00:00:00-04:00,168.3918123170909,168.6492261368123,165.86726857821876,166.85728454589844,48425700,0.0,0.0
2023-05-03 00:00:00-04:00,167.8077034423993,169.21352427793394,165.4910697460863,165.77816772460938,65136000,0.0,0.0
2023-05-04 00:00:00-04:00,163.243711633137,165.37223965151196,162.6695006318279,164.1347198486328,81235400,0.0,0.0
2023-05-05 00:00:00-04:00,169.27291399392053,172.55977402605672,169.055109287866,171.83706665039062,113316400,0.0,0.0
2023-05-08 00:00:00-04:00,170.7579255984111,172.1142575536809,170.3916245765101,171.7677459716797,55962800,0.0,0.0
2023-05-09 00:00:00-04:00,171.32225761857964,171.80735575023974,169.8867375588741,170.05503845214844,45326900,0.0,0.0
2023-05-10 00:00:00-04:00,171.29257694818676,172.29248769554175,170.1837487273319,171.82717895507812,53724500,0.0,0.0
2023-05-11 00:00:00-04:00,172.11429695457542,172.8468991660868,170.45106212923693,172.01528930664062,49514700,0.0,0.0
2023-05-12 00:00:00-04:00,172.1243165202818,172.5605284867848,169.52689179090092,171.0833740234375,45497800,0.24,0.0
2023-05-15 00:00:00-04:00,171.6682680003546,171.71784028672823,169.99282456135643,170.58766174316406,37266700,0.0,0.0
2023-05-16 00:00:00-04:00,170.50834911043384,171.6484360603376,170.31998349861684,170.58766174316406,42110300,0.0,0.0
2023-05-17 00:00:00-04:00,170.23080851956607,171.4402848957753,168.95191277084518,171.20236206054688,57951600,0.0,0.0
2023-05-18 00:00:00-04:00,171.50964938607018,173.73035780662187,171.09326939359272,173.5419921875,65496700,0.0,0.0
2023-05-19 00:00:00-04:00,174.8704617599002,174.8704617599002,173.43295602393476,173.65106201171875,55772400,0.0,0.0
2023-05-22 00:00:00-04:00,172.48120433403864,173.20492646986477,171.95577135327312,172.69931030273438,43570900,0.0,0.0
2023-05-23 00:00:00-04:00,171.6385439691014,171.88639029719062,169.80447509030535,170.08206176757812,50747300,0.0,0.0
2023-05-24 00:00:00-04:00,169.61612586083143,170.9346702690374,169.05104404436648,170.3596649169922,45143500,0.0,0.0
2023-05-25 00:00:00-04:00,170.92476575302507,172.40192036340346,170.21096703266915,171.49977111816406,56058300,0.0,0.0
2023-05-26 00:00:00-04:00,171.82690796374212,174.2557989304357,171.61871039409903,173.91871643066406,54835000,0.0,0.0
2023-05-30 00:00:00-04:00,175.4355461600694,177.44805707235744,175.04890650518007,175.77261352539062,55964400,0.0,0.0
2023-05-31 00:00:00-04:00,175.80236562165695,177.80496826079084,175.23726871202743,175.72305297851562,99625300,0.0,0.0
2023-06-01 00:00:00-04:00,176.16916396782793,178.56831456742498,175.4057930547119,178.53857421875,68901800,0.0,0.0
2023-06-02 00:00:00-04:00,179.4704869589175,180.21402596420296,177.71573067078862,179.39117431640625,61945900,0.0,0.0
2023-06-05 00:00:00-04:00,181.05668691999816,183.35669275593358,176.50621727974132,178.032958984375,121946500,0.0,0.0
2023-06-06 00:00:00-04:00,178.41963092679066,178.56833268525313,175.9015035496613,177.6661834716797,64848400,0.0,0.0
2023-06-07 00:00:00-04:00,176.90278572567038,179.64892709288569,175.7924390908418,176.2881317138672,61944600,0.0,0.0
2023-06-08 00:00:00-04:00,176.367453055308,179.2821284929526,175.93125619506344,179.01446533203125,50214900,0.0,0.0
2023-06-09 00:00:00-04:00,179.93643394119178,180.6601409825454,179.0739335613958,179.40109252929688,48870700,0.0,0.0
2023-06-12 00:00:00-04:00,179.70841552076647,182.30584013644759,179.4109969086846,182.20669555664062,54274900,0.0,0.0
2023-06-13 00:00:00-04:00,181.22524912557424,182.56361030209754,180.86834978636662,181.73085021972656,54929100,0.0,0.0
2023-06-14 00:00:00-04:00,181.79035105029212,182.80156847790326,180.45198972557984,182.3653564453125,57462900,0.0,0.0
2023-06-15 00:00:00-04:00,182.37524971506843,184.91319370821412,182.19679249165128,184.40757751464844,65433200,0.0,0.0
2023-06-16 00:00:00-04:00,185.12137027990616,185.37914013584773,182.68257094685526,183.32696533203125,101235600,0.0,0.0
2023-06-20 00:00:00-04:00,182.82136138571053,184.49680491343358,182.82136138571053,183.4161834716797,49799100,0.0,0.0
2023-06-21 00:00:00-04:00,183.30714894064778,183.8127651610623,181.01705115534045,182.37525939941406,49515700,0.0,0.0
2023-06-22 00:00:00-04:00,182.15714267343606,185.43862563579464,182.0877384404729,185.38905334472656,51245300,0.0,0.0
2023-06-23 00:00:00-04:00,183.95153754819322,185.94421646985703,183.41618103785228,185.07179260253906,53079300,0.0,0.0
2023-06-26 00:00:00-04:00,185.22052415803645,186.43001547826037,183.63430156934749,183.67396545410156,48088700,0.0,0.0
2023-06-27 00:00:00-04:00,184.28860667459685,186.7670698420573,184.07050070567323,186.43991088867188,50730800,0.0,0.0
2023-06-28 00:00:00-04:00,186.31103877905792,188.26406909954764,185.9838949305078,187.6196746826172,51216800,0.0,0.0
2023-06-29 00:00:00-04:00,187.45114025988062,188.43261718372244,187.31234691859044,187.9567413330078,46347300,0.0,0.0
2023-06-30 00:00:00-04:00,189.97918829297507,192.80462759541973,189.6123654098311,192.2990264892578,85069600,0.0,0.0
2023-07-03 00:00:00-04:00,192.11065327577057,192.20979786240994,190.1080506189076,190.80203247070312,31458200,0.0,0.0
2023-07-05 00:00:00-04:00,189.91968534956396,191.3175270975779,188.97785723169864,189.68174743652344,46920300,0.0,0.0
2023-07-06 00:00:00-04:00,188.20457782150964,190.36580559694158,187.57009184775086,190.15760803222656,45094300,0.0,0.0
2023-07-07 00:00:00-04:00,189.76107572138073,191.01021583133178,188.60115666342472,189.037353515625,46778000,0.0,0.0
2023-07-10 00:00:00-04:00,187.62957811566648,188.3533002828443,185.42870151973196,186.9851837158203,59922200,0.0,0.0
2023-07-11 00:00:00-04:00,187.53047593664704,187.66926929498567,184.99253159711697,186.45977783203125,46638100,0.0,0.0
2023-07-12 00:00:00-04:00,188.0459566971953,190.04855924155865,186.84638895388292,188.13519287109375,60750200,0.0,0.0
2023-07-13 00:00:00-04:00,188.8589108119984,189.5429691298021,188.14511214362412,188.8985595703125,41342300,0.0,0.0
2023-07-14 00:00:00-04:00,188.59122781892412,189.53304086059518,187.99640569502964,189.04727172851562,41573900,0.0,0.0
2023-07-17 00:00:00-04:00,190.24685589214712,192.6460219186536,190.1576348349816,192.31886291503906,50520200,0.0,0.0
2023-07-18 00:00:00-04:00,191.68434955477355,192.65590289157154,190.76235338000512,192.06106567382812,48353800,0.0,0.0
2023-07-19 00:00:00-04:00,191.43652547824442,196.52232225877913,190.99038994943103,193.41929626464844,80507300,0.0,0.0
2023-07-20 00:00:00-04:00,193.40936968617578,194.77748634801802,190.84168518874347,191.4662628173828,59581200,0.0,0.0
2023-07-21 00:00:00-04:00,192.42789492586837,193.29039530573385,189.58260879656223,190.2864990234375,71917800,0.0,0.0
2023-07-24 00:00:00-04:00,191.74382595603396,193.2309038397432,190.59381542873754,191.08950805664062,45377800,0.0,0.0
2023-07-25 00:00:00-04:00,191.66454650804036,192.76498493762563,191.25807485221583,191.95204162597656,37283200,0.0,0.0
2023-07-26 00:00:00-04:00,192.0015959886147,193.95462630849192,191.6546201978147,192.82444763183594,47471900,0.0,0.0
2023-07-27 00:00:00-04:00,194.33136299756583,195.50119046422063,190.89125457942112,191.55548095703125,47460200,0.0,0.0
2023-07-28 00:00:00-04:00,192.99297950413737,194.9361013981904,192.46754649179775,194.1429901123047,48291400,0.0,0.0
2023-07-31 00:00:00-04:00,194.3710202090042,194.79732379964574,193.57790885902568,194.75765991210938,38824100,0.0,0.0
2023-08-01 00:00:00-04:00,194.54945856713078,195.0352276872512,193.59772201405482,193.9248809814453,35175100,0.0,0.0
2023-08-02 00:00:00-04:00,193.35977399392826,193.49856732490423,190.19726772902345,190.9209747314453,50389300,0.0,0.0
2023-08-03 00:00:00-04:00,189.91969553388512,190.71279169853844,189.04727159995883,189.52313232421875,61235200,0.0,0.0
2023-08-04 00:00:00-04:00,183.92183059501792,185.76580811380504,180.3528369691908,180.4222412109375,115799700,0.0,0.0
2023-08-07 00:00:00-04:00,180.56102321579414,181.5524085909385,175.82220233279125,177.3092803955078,97576100,0.0,0.0
2023-08-08 00:00:00-04:00,178.1420151343907,178.71702038544473,176.05019168536276,178.25106811523438,67823000,0.0,0.0
2023-08-09 00:00:00-04:00,179.31185840559957,179.3713391045639,175.48511045638642,176.6549530029297,60378500,0.0,0.0
2023-08-10 00:00:00-04:00,177.93384562444598,179.1929093058464,176.07005137717866,176.43685913085938,54686900,0.0,0.0
2023-08-11 00:00:00-04:00,176.02984778529373,177.32037701982404,175.26544597344693,176.4964141845703,51988100,0.24,0.0
2023-08-14 00:00:00-04:00,176.67511718788185,178.38260392804418,176.01991561712387,178.15428161621094,43675600,0.0,0.0
2023-08-15 00:00:00-04:00,177.57847773870674,178.174103062697,175.76179096239193,176.15887451171875,43622600,0.0,0.0
2023-08-16 00:00:00-04:00,175.84124724036067,177.24097688863975,175.21582612983477,175.2853240966797,46964900,0.0,0.0
2023-08-17 00:00:00-04:00,175.8511621348624,176.2184652373002,172.21778796969687,172.7340087890625,66062900,0.0,0.0
2023-08-18 00:00:00-04:00,171.04636032936088,173.82599075554495,170.70883778094841,173.22042846679688,61114200,0.0,0.0
2023-08-21 00:00:00-04:00,173.79620604217206,174.84849110751958,172.47588124297116,174.5605926513672,46311900,0.0,0.0
2023-08-22 00:00:00-04:00,175.77171419662545,176.38719824747957,174.96761015656983,175.9404754638672,42084200,0.0,0.0
2023-08-23 00:00:00-04:00,177.2210964343875,180.22904900558675,177.03247644679308,179.8021697998047,52722800,0.0,0.0
2023-08-24 00:00:00-04:00,179.35544373491686,179.78232293288016,174.72934624726201,175.09666442871094,54945800,0.0,0.0
2023-08-25 00:00:00-04:00,176.08942405220765,177.84653498588997,174.54077671849547,177.3104705810547,51449600,0.0,0.0
2023-08-28 00:00:00-04:00,178.77967356057698,179.27603559399373,177.25088516267095,178.8789520263672,43820700,0.0,0.0
2023-08-29 00:00:00-04:00,178.39251118833664,183.55467328918405,178.19396940518234,182.7803497314453,53003900,0.0,0.0
2023-08-30 00:00:00-04:00,183.59439418869403,186.48322490340712,183.39585240180426,186.28466796875,60813900,0.0,0.0
2023-08-31 00:00:00-04:00,186.4733017625425,187.74398746995786,186.11592046059639,186.50308227539062,60794500,0.0,0.0
2023-09-01 00:00:00-04:00,188.11130822320726,188.53817234491697,186.91010531378714,188.08152770996094,45732600,0.0,0.0
2023-09-05 00:00:00-04:00,186.91008160149724,188.5977094450193,186.24495831042893,188.3197479248047,45280000,0.0,0.0
2023-09-06 00:00:00-04:00,187.02920802693,187.47594597496703,180.14963751857883,181.57916259765625,81755800,0.0,0.0
2023-09-07 00:00:00-04:00,173.90539355501954,176.91336139268128,172.27732670257566,176.26808166503906,112488800,0.0,0.0
2023-09-08 00:00:00-04:00,177.05235186894313,178.9285998393183,176.4964136407334,176.88357543945312,65551300,0.0,0.0
2023-09-11 00:00:00-04:00,178.7598181226865,178.98814040153138,176.0496706936909,178.0549774169922,58953100,0.0,0.0
2023-09-12 00:00:00-04:00,178.18404991763566,178.81939272059032,173.5480302988034,175.0172576904297,90370200,0.0,0.0
2023-09-13 00:00:00-04:00,175.22571224634177,176.00997270905043,172.71412167424248,172.9424591064453,84267900,0.0,0.0
2023-09-14 00:00:00-04:00,172.73398888645488,174.81871550108795,172.3170465930817,174.46133422851562,60895800,0.0,0.0
2023-09-15 00:00:00-04:00,175.1959388893145,175.2157976120051,172.55530438661506,173.73663330078125,109205100,0.0,0.0
2023-09-18 00:00:00-04:00,175.19594549627539,178.07485448429676,174.8882034479176,176.67510986328125,67257600,0.0,0.0
2023-09-19 00:00:00-04:00,176.22837977645918,178.32302815377042,175.84121799808253,177.76710510253906,51826900,0.0,0.0
2023-09-20 00:00:00-04:00,177.95570880879336,178.3925098170354,174.1237933470795,174.21315002441406,58436200,0.0,0.0
2023-09-21 00:00:00-04:00,173.28000428145347,175.01727155266988,172.59502219087378,172.6645050048828,63047900,0.0,0.0
2023-09-22 00:00:00-04:00,173.39911221131908,175.79158086544706,172.7836281326413,173.5182342529297,56725400,0.0,0.0
2023-09-25 00:00:00-04:00,172.93253251615403,175.6823824720043,172.88289328236814,174.79885864257812,46172700,0.0,0.0
2023-09-26 00:00:00-04:00,173.54802313417602,173.92524796713502,170.41101154694528,170.70883178710938,64588900,0.0,0.0
2023-09-27 00:00:00-04:00,171.36400935593267,171.78095161168793,167.81999260813018,169.18994140625,66921800,0.0,0.0
2023-09-28 00:00:00-04:00,168.10787564587397,170.77830558378838,166.4003891832915,169.44805908203125,56294400,0.0,0.0
2023-09-29 00:00:00-04:00,170.7683831744606,171.81074638236362,169.10059901226265,169.9642791748047,51814200,0.0,0.0
2023-10-02 00:00:00-04:00,169.97421860938772,173.03181060107437,169.6863201427267,172.48580932617188,52164500,0.0,0.0
2023-10-03 00:00:00-04:00,171.0066338674304,172.36667607241205,169.5771240058018,171.14561462402344,49594600,0.0,0.0
2023-10-04 00:00:00-04:00,169.8451609338146,172.94247039530038,169.7260388902924,172.39646911621094,53020300,0.0,0.0
2023-10-05 00:00:00-04:00,172.5254984313363,174.17342391765436,171.42357417816774,173.63735961914062,48527900,0.0,0.0
2023-10-06 00:00:00-04:00,172.53543905358532,176.69495515352654,171.91993985589522,176.19859313964844,57224100,0.0,0.0
2023-10-09 00:00:00-04:00,175.52353680032698,177.74724412480685,174.52089096334598,177.68768310546875,42390800,0.0,0.0
2023-10-10 00:00:00-04:00,176.8041729428218,178.4123811800482,176.65525523522464,177.09205627441406,43698000,0.0,0.0
2023-10-11 00:00:00-04:00,176.90341107776567,178.54141474149296,176.30778577549145,178.4917755126953,47551100,0.0,0.0
2023-10-12 00:00:00-04:00,178.759844529376,181.01331743803624,177.73732472140046,179.3951873779297,56743100,0.0,0.0
2023-10-13 00:00:00-04:00,180.10001451689263,180.60629838312414,176.84388049788197,177.54872131347656,51427100,0.0,0.0
2023-10-16 00:00:00-04:00,175.46397958471027,177.7770284883398,175.22572035442593,177.41964721679688,52517000,0.0,0.0
2023-10-17 00:00:00-04:00,175.36470667426025,177.12183257732815,173.5281761730158,175.86106872558594,57549400,0.0,0.0
2023-10-18 00:00:00-04:00,174.30248985254676,176.28793794498117,173.83590833900334,174.5605926513672,54764400,0.0,0.0
2023-10-19 00:00:00-04:00,174.75913147519677,176.5460377577175,173.9153251388443,174.18336486816406,59302900,0.0,0.0
2023-10-20 00:00:00-04:00,174.03445888939677,174.14365914589465,171.38388737014972,171.6221466064453,64189300,0.0,0.0
2023-10-23 00:00:00-04:00,169.66646713238327,172.7439025281915,168.69358667928853,171.7412567138672,55980100,0.0,0.0
2023-10-24 00:00:00-04:00,171.7909082758531,172.4063923696406,170.20254365913797,172.17807006835938,43816600,0.0,0.0
2023-10-25 00:00:00-04:00,170.62942613878033,171.80083332633419,169.4083645680371,169.8551025390625,57157000,0.0,0.0
2023-10-26 00:00:00-04:00,169.1303957533013,170.13305676328346,164.4645956319317,165.67572021484375,70625300,0.0,0.0
2023-10-27 00:00:00-04:00,165.69556669674958,167.73065392902063,165.61614695891157,166.99603271484375,58499100,0.0,0.0
2023-10-30 00:00:00-04:00,167.7902309189435,169.92458166587582,167.64131321590813,169.0509796142578,51131000,0.0,0.0
2023-10-31 00:00:00-04:00,168.1178450859905,169.65655543893973,166.67838291410567,169.5275115966797,44846000,0.0,0.0
2023-11-01 00:00:00-04:00,169.75581666227828,172.9623111800798,168.88221462983017,172.70420837402344,56934900,0.0,0.0
2023-11-02 00:00:00-04:00,174.2429278242073,176.48647870246754,174.18336680542194,176.27801513671875,77334800,0.0,0.0
2023-11-03 00:00:00-04:00,172.9722618796391,175.53349201222565,172.0887379893404,175.36471557617188,79763700,0.0,0.0
2023-11-06 00:00:00-05:00,175.09667927913767,178.1244756256995,174.92791800211177,177.92593383789062,63841300,0.0,0.0
2023-11-07 00:00:00-05:00,177.87627966042598,181.11256960611928,177.66781610245852,180.49708557128906,70530000,0.0,0.0
2023-11-08 00:00:00-05:00,181.023246561535,182.11523398810698,180.26876654734838,181.55931091308594,49340300,0.0,0.0
2023-11-09 00:00:00-05:00,181.62879543623518,182.78034380026955,180.48715371155149,181.08279418945312,53763500,0.0,0.0
2023-11-10 00:00:00-05:00,182.87206148972973,185.4565506612299,182.43468499907056,185.2875518798828,66133400,0.24,0.0
2023-11-13 00:00:00-05:00,184.7110299042217,184.91976812620925,183.11063780884533,183.69711303710938,43627500,0.0,0.0
2023-11-14 00:00:00-05:00,186.57977766288278,186.98733436699092,185.1881391216873,186.3213348388672,60108400,0.0,0.0
2023-11-15 00:00:00-05:00,186.72890587030213,188.36905250310778,186.65931635404164,186.887939453125,53790500,0.0,0.0
2023-11-16 00:00:00-05:00,188.43864070160558,189.82034448090351,187.52411797622008,188.5778045654297,54412900,0.0,0.0
2023-11-17 00:00:00-05:00,189.11457782649978,189.24380683321974,187.44461143684416,188.55792236328125,50922700,0.0,0.0
2023-11-20 00:00:00-05:00,188.75671623264228,190.76466491067268,188.7467813740569,190.30740356445312,46505100,0.0,0.0
2023-11-21 00:00:00-05:00,190.26765186097265,190.37699597796984,188.60762038854105,189.5022430419922,38134500,0.0,0.0
2023-11-22 00:00:00-05:00,190.3471617671388,191.77855487032625,189.69109711501824,190.16822814941406,39617700,0.0,0.0
2023-11-24 00:00:00-05:00,189.73086532541635,189.76068506922263,188.1205384889839,188.83624267578125,24048300,0.0,0.0
2023-11-27 00:00:00-05:00,188.78654712309,189.53207108953595,187.77263028176083,188.65731811523438,40552600,0.0,0.0
2023-11-28 00:00:00-05:00,188.64737693705334,189.9396214691522,188.26963995303524,189.263671875,38415400,0.0,0.0
2023-11-29 00:00:00-05:00,189.76069003248776,190.9435904601538,187.84221568139642,188.2398223876953,43014200,0.0,0.0
2023-11-30 00:00:00-05:00,188.70703160550096,189.1841778871875,187.06688486941184,188.81637573242188,48794400,0.0,0.0
2023-12-01 00:00:00-05:00,189.19409067360718,190.41674564636727,188.10064953196948,190.09866333007812,45679300,0.0,0.0
2023-12-04 00:00:00-05:00,188.84618961175903,188.91577913023963,186.33128993843854,188.29946899414062,43389500,0.0,0.0
2023-12-05 00:00:00-05:00,189.07480648679842,193.23978723319652,189.04497157673757,192.26564025878906,66628400,0.0,0.0
2023-12-06 00:00:00-05:00,193.28950362567244,193.5976510937421,190.9634725753497,191.17222595214844,41089700,0.0,0.0
2023-12-07 00:00:00-05:00,192.4744006383907,193.8362194805571,192.43463086867496,193.11058044433594,47477700,0.0,0.0
2023-12-08 00:00:00-05:00,193.0409791518531,194.82030462884575,192.5141434931892,194.54197692871094,53377300,0.0,0.0
2023-12-11 00:00:00-05:00,191.9575100014726,192.33524699521988,190.27759358324766,192.02708435058594,60943700,0.0,0.0
2023-12-12 00:00:00-05:00,191.92769665062553,193.5579084922386,190.5758125501861,193.5479736328125,52696900,0.0,0.0
2023-12-13 00:00:00-05:00,193.925682544677,196.8183190559037,193.68712459255818,196.778564453125,70404200,0.0,0.0
2023-12-14 00:00:00-05:00,196.83819885132337,198.42864077264184,194.98929893159502,196.9276580810547,66831600,0.0,0.0
2023-12-15 00:00:00-05:00,196.3511298862745,197.2159328291742,195.82429416614897,196.39089965820312,128256700,0.0,0.0
2023-12-18 00:00:00-05:00,194.9197048287757,195.45649052996882,193.2298536912898,194.7209014892578,55751900,0.0,0.0
2023-12-19 00:00:00-05:00,194.98930475456203,195.77458329630363,194.72091188963017,195.7646484375,40714100,0.0,0.0
2023-12-20 00:00:00-05:00,195.72488988877126,196.50023361616374,193.66725158691406,193.66725158691406,52242800,0.0,0.0
2023-12-21 00:00:00-05:00,194.9296507492267,195.90379770975298,192.34516188676014,193.5181121826172,46482500,0.0,0.0
2023-12-22 00:00:00-05:00,194.01513711760236,194.24377537319003,191.81833513340536,192.444580078125,37122800,0.0,0.0
2023-12-26 00:00:00-05:00,192.45451309255571,192.73284080582573,191.67916943877162,191.89785766601562,28919300,0.0,0.0
2023-12-27 00:00:00-05:00,191.34123431157244,192.34520121931277,189.9495803442342,191.99728393554688,48087700,0.0,0.0
2023-12-28 00:00:00-05:00,192.98136861854135,193.4982694967864,192.01715638138543,192.42471313476562,34049900,0.0,0.0
2023-12-29 00:00:00-05:00,192.7427850763616,193.23980104114617,190.58573760932344,191.38096618652344,42628800,0.0,0.0
